INSERT INTO public.division (division_id, division_name)
VALUES
    (1, 'Север'),
    (2, 'Центр'),
    (3, 'ЮГ'),
    (4, 'Петропавлосвк');

INSERT INTO public.reg_dir (reg_dir_id, reg_dir_name, reg_dir_tab, division_id)
VALUES
    (1, 'Зименко Елена Викторовна', '00020000013', 1),
    (2, 'Бзекалава Дариджан Теймуразова', '87000377478', 4),
    (3, 'Астемирова Лариса Михайловна', '00103000048', 2),
    (4, 'Стаценская Ольга Евгеньевна', '00520000043', 3);

INSERT INTO public.ter_dir (ter_dir_id, ter_dir_name, ter_dir_tab, region, reg_dir_id)
VALUES
    (1, 'Каусова Рыстыгуль Есмаганбетова', '00500001539', 'Север 2', 1),
    (2, 'Ауталипова Анара Магжановна', '00500002052', 'Север 3', 1),
    (3, 'Кузьмина Айгуль Касмахуновна', '87000312281', 'Север 4', 1),
    (4, 'Лузгина Наталья  Владимировна ', '87000317331', 'Север 5', 1),
    (5, 'Жахиянова Арайлым Бауыржановна', '00500000097', 'Север 6', 1),
    (6, 'Жусупова Сауле Хасеновна', '87000315247', 'Север 7', 1),
    (7, 'Илан Ильяс Эрикұлы', '00100004410', 'Север 8', 2),
    (8, 'Малышева Елена Анатольевна', '00100004266', 'Север 9', 2),
    (9, 'Ибраева Маншук Сабитовна', '00500000837', 'Север 10', 1),
    (10, 'Рублева Алена Ивановна', '87000385167', 'Север 11', 2),
    (11, 'Грибановский Максим Викторович', '87000351351', 'Север 12', 1),
    (12, 'Нургалиев Габит Сейткалиевич', '00103001184', 'Центр 1', 3),
    (13, 'Новиков Максим Андреевич', '87000320087', 'Центр 2', 3),
    (14, 'Оспанова Гульмира Турсынхановна', '00111001951', 'Центр 3', 3),
    (15, 'Бородина Светлана Александровна', '87000333972', 'Центр 4', 3),
    (16, 'Тен Жанна Павловна', '87000342978', 'Центр 5', 3),
    (17, 'Абдулкадырова Надежда Геннадьевна', '87000311241', 'Центр 6', 3),
    (18, 'Абдулкадырова Надежда Геннадьевна', '87000311241', 'Центр 7', 3),
    (19, 'Надиров Камал Жамалович', '87000334768', 'Центр 8', 3),
    (20, 'Турнаева Ирина', '00119001366', 'Центр 9', 3),
    (21, 'Алибаев Серик Аралбаевич', '87000310314', 'ЮГ 1', 4),
    (22, 'Березникова Надежда', '00520000469', 'ЮГ 2', 4),
    (23, 'Турашов Адилбек Беймаханбетович', '87000319404', 'ЮГ 3', 4);
